draw_date,draw_id,game,game_name,letter,numbers,raw_text,source,url
2025-08-31,1247,handahana,Handahana,,04;32;45;47;02;06,"1247 Sunday August 31, 2025 PISCES 04 32 45 47 Dhanayogaya 2 6 5 5 1",nlb,https://www.nlb.lk/results/handahana
2025-08-30,1246,handahana,Handahana,,03;19;30;52;06;02,"1246 Saturday August 30, 2025 ARIES 3 19 30 52 Dhanayogaya 6 2 8 8 9",nlb,https://www.nlb.lk/results/handahana
2025-08-29,1245,handahana,Handahana,,05;28;41;56;05;07,"1245 Friday August 29, 2025 VIRGO 5 28 41 56 Dhanayogaya 5 7 8 1 7",nlb,https://www.nlb.lk/results/handahana
2025-08-28,1244,handahana,Handahana,,16;28;37;46;03;09,"1244 Thursday August 28, 2025 LEO 16 28 37 46 Dhanayogaya 3 9 2 1 0",nlb,https://www.nlb.lk/results/handahana
2025-08-27,1243,handahana,Handahana,,22;34;47;62;02;08,"1243 Wednesday August 27, 2025 TAURUS 22 34 47 62 Dhanayogaya 2 8 8 7 1",nlb,https://www.nlb.lk/results/handahana
2025-08-26,1242,handahana,Handahana,,27;32;45;56;02;01,"1242 Tuesday August 26, 2025 VIRGO 27 32 45 56 Dhanayogaya 2 1 5 1 3",nlb,https://www.nlb.lk/results/handahana
2025-08-25,1241,handahana,Handahana,,06;18;31;52;08;03,"1241 Monday August 25, 2025 LIBRA 06 18 31 52 Dhanayogaya 8 3 0 4 4",nlb,https://www.nlb.lk/results/handahana
2025-08-24,1240,handahana,Handahana,,04;31;44;60;01;05,"1240 Sunday August 24, 2025 SAGITTARIUS 04 31 44 60 Dhanayogaya 1 5 4 0 7",nlb,https://www.nlb.lk/results/handahana
2025-08-23,1239,handahana,Handahana,,07;22;25;44;07;05,"1239 Saturday August 23, 2025 LIBRA 07 22 25 44 Dhanayogaya 7 5 2 8 6",nlb,https://www.nlb.lk/results/handahana
2025-08-22,1238,handahana,Handahana,,19;28;47;59;01;04,"1238 Friday August 22, 2025 LIBRA 19 28 47 59 Dhanayogaya 1 4 3 2 3",nlb,https://www.nlb.lk/results/handahana
2025-08-21,1237,handahana,Handahana,,16;25;28;58;07;07,"1237 Thursday August 21, 2025 SCORPIO 16 25 28 58 Dhanayogaya 7 7 1 5 7",nlb,https://www.nlb.lk/results/handahana
2025-08-20,1236,handahana,Handahana,,17;33;39;42;08;03,"1236 Wednesday August 20, 2025 GEMINI 17 33 39 42 Dhanayogaya 8 3 2 5 0",nlb,https://www.nlb.lk/results/handahana
2025-08-19,1235,handahana,Handahana,,01;12;53;54;02;07,"1235 Tuesday August 19, 2025 PISCES 01 12 53 54 Dhanayogaya 2 7 6 9 6",nlb,https://www.nlb.lk/results/handahana
2025-08-18,1234,handahana,Handahana,,26;29;37;59;09;05,"1234 Monday August 18, 2025 PISCES 26 29 37 59 Dhanayogaya 9 5 5 3 0",nlb,https://www.nlb.lk/results/handahana
2025-08-17,1233,handahana,Handahana,,21;45;46;47;05;08,"1233 Sunday August 17, 2025 LEO 21 45 46 47 Dhanayogaya 5 8 8 6 9",nlb,https://www.nlb.lk/results/handahana
2025-08-16,1232,handahana,Handahana,,02;27;35;62;07;07,"1232 Saturday August 16, 2025 SCORPIO 02 27 35 62 Dhanayogaya 7 7 2 7 2",nlb,https://www.nlb.lk/results/handahana
2025-08-15,1231,handahana,Handahana,,02;11;39;49;05;00,"1231 Friday August 15, 2025 LEO 02 11 39 49 Dhanayogaya 5 0 4 8 9",nlb,https://www.nlb.lk/results/handahana
2025-08-14,1230,handahana,Handahana,,09;18;25;61;00;01,"1230 Thursday August 14, 2025 LEO 9 18 25 61 Dhanayogaya 0 1 1 7 6",nlb,https://www.nlb.lk/results/handahana
2025-08-13,1229,handahana,Handahana,,10;12;13;15;09;04,"1229 Wednesday August 13, 2025 VIRGO 10 12 13 15 Dhanayogaya 9 4 7 2 8",nlb,https://www.nlb.lk/results/handahana
2025-08-12,1228,handahana,Handahana,,22;41;58;62;01;03,"1228 Tuesday August 12, 2025 SAGITTARIUS 22 41 58 62 Dhanayogaya 1 3 3 0 0",nlb,https://www.nlb.lk/results/handahana
2025-08-11,1227,handahana,Handahana,,13;30;55;57;06;02,"1227 Monday August 11, 2025 PISCES 13 30 55 57 Dhanayogaya 6 2 4 1 7",nlb,https://www.nlb.lk/results/handahana
2025-08-10,1226,handahana,Handahana,,07;11;35;61;03;03,"1226 Sunday August 10, 2025 TAURUS 07 11 35 61 Dhanayogaya 3 3 8 3 1",nlb,https://www.nlb.lk/results/handahana
2025-08-09,1225,handahana,Handahana,,04;15;56;62;06;05,"1225 Saturday August 09, 2025 ARIES 04 15 56 62 Dhanayogaya 6 5 3 7 4",nlb,https://www.nlb.lk/results/handahana
2025-08-08,1224,handahana,Handahana,,08;13;49;58;06;09,"1224 Friday August 08, 2025 AQUARIUS 08 13 49 58 Dhanayogaya 6 9 4 7 9",nlb,https://www.nlb.lk/results/handahana
2025-08-07,1223,handahana,Handahana,,14;25;56;58;04;08,"1223 Thursday August 07, 2025 VIRGO 14 25 56 58 Dhanayogaya 4 8 2 9 2",nlb,https://www.nlb.lk/results/handahana
2025-08-06,1222,handahana,Handahana,,24;31;39;52;06;09,"1222 Wednesday August 06, 2025 LEO 24 31 39 52 Dhanayogaya 6 9 0 6 1",nlb,https://www.nlb.lk/results/handahana
2025-08-05,1221,handahana,Handahana,,13;24;51;55;00;07,"1221 Tuesday August 05, 2025 CAPRICORN 13 24 51 55 Dhanayogaya 0 7 7 8 5",nlb,https://www.nlb.lk/results/handahana
2025-08-04,1220,handahana,Handahana,,15;25;42;58;01;03,"1220 Monday August 04, 2025 AQUARIUS 15 25 42 58 Dhanayogaya 1 3 1 0 1",nlb,https://www.nlb.lk/results/handahana
2025-08-03,1219,handahana,Handahana,,05;06;23;25;07;02,"1219 Sunday August 03, 2025 SAGITTARIUS 05 06 23 25 Dhanayogaya 7 2 9 6 1",nlb,https://www.nlb.lk/results/handahana
2025-08-02,1218,handahana,Handahana,,24;28;57;61;08;03,"1218 Saturday August 02, 2025 CANCER 24 28 57 61 Dhanayogaya 8 3 3 4 9",nlb,https://www.nlb.lk/results/handahana
2025-08-01,1217,handahana,Handahana,,03;06;29;38;02;04,"1217 Friday August 01, 2025 CAPRICORN 3 6 29 38 Dhanayogaya 2 4 0 8 0",nlb,https://www.nlb.lk/results/handahana
2025-07-31,1216,handahana,Handahana,,14;55;56;61;03;07,"1216 Thursday July 31, 2025 SCORPIO 14 55 56 61 Dhanayogaya 3 7 1 8 2 Daiwa Ankaya 7",nlb,https://www.nlb.lk/results/handahana
2025-07-30,1215,handahana,Handahana,,09;50;52;60;08;09,"1215 Wednesday July 30, 2025 LIBRA 09 50 52 60 Dhanayogaya 8 9 5 4 7 Daiwa Ankaya 50",nlb,https://www.nlb.lk/results/handahana
2025-07-29,1214,handahana,Handahana,,06;17;18;55;06;03,"1214 Tuesday July 29, 2025 VIRGO 06 17 18 55 Dhanayogaya 6 3 8 1 6 Daiwa Ankaya 30",nlb,https://www.nlb.lk/results/handahana
2025-07-28,1213,handahana,Handahana,,02;11;26;59;09;08,"1213 Monday July 28, 2025 TAURUS 02 11 26 59 Dhanayogaya 9 8 0 4 0 Daiwa Ankaya 32",nlb,https://www.nlb.lk/results/handahana
2025-07-27,1212,handahana,Handahana,,22;26;28;29;04;04,"1212 Sunday July 27, 2025 LEO 22 26 28 29 Dhanayogaya 4 4 5 1 0 Daiwa Ankaya 41",nlb,https://www.nlb.lk/results/handahana
2025-07-26,1211,handahana,Handahana,,15;31;50;60;00;06,"1211 Saturday July 26, 2025 ARIES 15 31 50 60 Dhanayogaya 0 6 9 6 5 Daiwa Ankaya 28",nlb,https://www.nlb.lk/results/handahana
2025-07-25,1210,handahana,Handahana,,11;24;36;39;01;03,"1210 Friday July 25, 2025 SAGITTARIUS 11 24 36 39 Dhanayogaya 1 3 9 0 0 Daiwa Ankaya 38",nlb,https://www.nlb.lk/results/handahana
2025-07-24,1209,handahana,Handahana,,05;09;38;45;07;09,"1209 Thursday July 24, 2025 LIBRA 5 9 38 45 Dhanayogaya 7 9 2 1 1 Daiwa Ankaya 29",nlb,https://www.nlb.lk/results/handahana
2025-07-23,1208,handahana,Handahana,,13;16;20;35;09;02,"1208 Wednesday July 23, 2025 LIBRA 13 16 20 35 Dhanayogaya 9 2 1 5 1 Daiwa Ankaya 44",nlb,https://www.nlb.lk/results/handahana
2025-07-22,1207,handahana,Handahana,,17;34;49;56;07;03,"1207 Tuesday July 22, 2025 TAURUS 17 34 49 56 Dhanayogaya 7 3 4 0 9 Daiwa Ankaya 07",nlb,https://www.nlb.lk/results/handahana
2025-07-21,1206,handahana,Handahana,,04;15;25;26;08;04,"1206 Monday July 21, 2025 SAGITTARIUS 04 15 25 26 Dhanayogaya 8 4 8 0 3 Daiwa Ankaya 04",nlb,https://www.nlb.lk/results/handahana
2025-07-20,1205,handahana,Handahana,,03;12;32;42;01;01,"1205 Sunday July 20, 2025 GEMINI 03 12 32 42 Dhanayogaya 1 1 3 8 5 Daiwa Ankaya 05",nlb,https://www.nlb.lk/results/handahana
2025-07-19,1204,handahana,Handahana,,05;06;21;42;05;08,"1204 Saturday July 19, 2025 CAPRICORN 05 06 21 42 Dhanayogaya 5 8 9 1 8 Daiwa Ankaya 29",nlb,https://www.nlb.lk/results/handahana
2025-07-18,1203,handahana,Handahana,,01;17;45;50;09;08,"1203 Friday July 18, 2025 PISCES 1 17 45 50 Dhanayogaya 9 8 3 7 3 Daiwa Ankaya 6",nlb,https://www.nlb.lk/results/handahana
2025-07-17,1202,handahana,Handahana,,06;10;22;43;00;01,"1202 Thursday July 17, 2025 TAURUS 6 10 22 43 Dhanayogaya 0 1 2 6 9 Daiwa Ankaya 14",nlb,https://www.nlb.lk/results/handahana
2025-07-16,1201,handahana,Handahana,,19;23;50;57;00;04,"1201 Wednesday July 16, 2025 CANCER 19 23 50 57 Dhanayogaya 0 4 5 7 0 Daiwa Ankaya 38",nlb,https://www.nlb.lk/results/handahana
2025-07-15,1200,handahana,Handahana,,23;33;55;62;01;03,"1200 Tuesday July 15, 2025 ARIES 23 33 55 62 Dhanayogaya 1 3 3 6 6 Daiwa Ankaya 08",nlb,https://www.nlb.lk/results/handahana
2025-07-14,1199,handahana,Handahana,,13;43;46;53;05;02,"1199 Monday July 14, 2025 SAGITTARIUS 13 43 46 53 Dhanayogaya 5 2 4 1 5 Daiwa Ankaya 10",nlb,https://www.nlb.lk/results/handahana
2025-07-13,1198,handahana,Handahana,,10;20;34;42;01;06,"1198 Sunday July 13, 2025 TAURUS 10 20 34 42 Dhanayogaya 1 6 7 6 7 Daiwa Ankaya 48",nlb,https://www.nlb.lk/results/handahana
2025-07-12,1197,handahana,Handahana,,25;48;58;61;08;07,"1197 Saturday July 12, 2025 TAURUS 25 48 58 61 Dhanayogaya 8 7 0 8 5 Daiwa Ankaya 38",nlb,https://www.nlb.lk/results/handahana
2025-07-11,1196,handahana,Handahana,,20;35;49;54;08;05,"1196 Friday July 11, 2025 CAPRICORN 20 35 49 54 Dhanayogaya 8 5 1 8 6 Daiwa Ankaya 10",nlb,https://www.nlb.lk/results/handahana
2025-07-10,1195,handahana,Handahana,,49;51;59;62;00;04,"1195 Thursday July 10, 2025 TAURUS 49 51 59 62 Dhanayogaya 0 4 1 4 5 Daiwa Ankaya 25",nlb,https://www.nlb.lk/results/handahana
2025-07-09,1194,handahana,Handahana,,02;09;18;60;07;09,"1194 Wednesday July 09, 2025 ARIES 02 09 18 60 Dhanayogaya 7 9 2 2 3 Daiwa Ankaya 02",nlb,https://www.nlb.lk/results/handahana
2025-07-08,1193,handahana,Handahana,,33;40;42;62;05;04,"1193 Tuesday July 08, 2025 SCORPIO 33 40 42 62 Dhanayogaya 5 4 5 6 1 Daiwa Ankaya 28",nlb,https://www.nlb.lk/results/handahana
2025-07-07,1192,handahana,Handahana,,02;33;36;44;06;06,"1192 Monday July 07, 2025 SCORPIO 2 33 36 44 Dhanayogaya 6 6 4 4 3 Daiwa Ankaya 21",nlb,https://www.nlb.lk/results/handahana
2025-07-06,1191,handahana,Handahana,,04;23;33;53;06;04,"1191 Sunday July 06, 2025 CAPRICORN 04 23 33 53 Dhanayogaya 6 4 0 5 8 Daiwa Ankaya 19",nlb,https://www.nlb.lk/results/handahana
2025-07-05,1190,handahana,Handahana,,02;03;08;12;04;07,"1190 Saturday July 05, 2025 LEO 02 03 08 12 Dhanayogaya 4 7 0 7 4 Daiwa Ankaya 36",nlb,https://www.nlb.lk/results/handahana
2025-07-04,1189,handahana,Handahana,,21;27;38;53;03;02,"1189 Friday July 04, 2025 AQUARIUS 21 27 38 53 Dhanayogaya 3 2 6 7 6 Daiwa Ankaya 35",nlb,https://www.nlb.lk/results/handahana
2025-07-03,1188,handahana,Handahana,,04;07;10;39;07;09,"1188 Thursday July 03, 2025 CAPRICORN 04 07 10 39 Dhanayogaya 7 9 5 5 8 Daiwa Ankaya 41",nlb,https://www.nlb.lk/results/handahana
2025-07-02,1187,handahana,Handahana,,17;22;37;39;00;02,"1187 Wednesday July 02, 2025 CANCER 17 22 37 39 Dhanayogaya 0 2 1 3 1 Daiwa Ankaya 37",nlb,https://www.nlb.lk/results/handahana
2025-07-01,1186,handahana,Handahana,,05;06;37;46;09;05,"1186 Tuesday July 01, 2025 TAURUS 05 06 37 46 Dhanayogaya 9 5 4 7 8 Daiwa Ankaya 22",nlb,https://www.nlb.lk/results/handahana
2025-06-30,1185,handahana,Handahana,,02;14;30;60;04;05,"1185 Monday June 30, 2025 SAGITTARIUS 2 14 30 60 Dhanayogaya 4 5 5 7 5 Daiwa Ankaya 29",nlb,https://www.nlb.lk/results/handahana
2025-06-29,1184,handahana,Handahana,,22;25;28;29;01;00,"1184 Sunday June 29, 2025 GEMINI 22 25 28 29 Dhanayogaya 1 0 8 0 6 Daiwa Ankaya 28",nlb,https://www.nlb.lk/results/handahana
2025-06-28,1183,handahana,Handahana,,16;27;49;60;06;08,"1183 Saturday June 28, 2025 AQUARIUS 16 27 49 60 Dhanayogaya 6 8 8 6 5 Daiwa Ankaya 13",nlb,https://www.nlb.lk/results/handahana
2025-06-27,1182,handahana,Handahana,,12;25;35;51;02;00,"1182 Friday June 27, 2025 CANCER 12 25 35 51 Dhanayogaya 2 0 0 5 2 Daiwa Ankaya 06",nlb,https://www.nlb.lk/results/handahana
2025-06-26,1181,handahana,Handahana,,30;47;57;60;09;03,"1181 Thursday June 26, 2025 PISCES 30 47 57 60 Dhanayogaya 9 3 2 1 0 Daiwa Ankaya 33",nlb,https://www.nlb.lk/results/handahana
2025-06-25,1180,handahana,Handahana,,05;26;30;53;06;03,"1180 Wednesday June 25, 2025 PISCES 05 26 30 53 Dhanayogaya 6 3 6 3 0 Daiwa Ankaya 45",nlb,https://www.nlb.lk/results/handahana
2025-06-24,1179,handahana,Handahana,,27;51;56;62;04;02,"1179 Tuesday June 24, 2025 AQUARIUS 27 51 56 62 Dhanayogaya 4 2 0 4 9 Daiwa Ankaya 49",nlb,https://www.nlb.lk/results/handahana
2025-06-23,1178,handahana,Handahana,,14;31;33;45;02;05,"1178 Monday June 23, 2025 ARIES 14 31 33 45 Dhanayogaya 2 5 7 3 7 Daiwa Ankaya 32",nlb,https://www.nlb.lk/results/handahana
2025-06-22,1177,handahana,Handahana,,19;42;46;51;01;00,"1177 Sunday June 22, 2025 ARIES 19 42 46 51 Dhanayogaya 1 0 8 7 5 Daiwa Ankaya 49",nlb,https://www.nlb.lk/results/handahana
2025-06-21,1176,handahana,Handahana,,19;25;30;38;03;07,"1176 Saturday June 21, 2025 ARIES 19 25 30 38 Dhanayogaya 3 7 5 2 3 Daiwa Ankaya 20",nlb,https://www.nlb.lk/results/handahana
2025-06-20,1175,handahana,Handahana,,09;17;42;44;04;02,"1175 Friday June 20, 2025 VIRGO 09 17 42 44 Dhanayogaya 4 2 7 1 7 Daiwa Ankaya 14",nlb,https://www.nlb.lk/results/handahana
2025-06-19,1174,handahana,Handahana,,06;07;09;59;07;08,"1174 Thursday June 19, 2025 ARIES 6 7 9 59 Dhanayogaya 7 8 5 9 1 Daiwa Ankaya 25",nlb,https://www.nlb.lk/results/handahana
2025-06-18,1173,handahana,Handahana,,01;15;20;40;02;05,"1173 Wednesday June 18, 2025 GEMINI 01 15 20 40 Dhanayogaya 2 5 6 0 0 Daiwa Ankaya 37",nlb,https://www.nlb.lk/results/handahana
2025-06-17,1172,handahana,Handahana,,12;33;43;58;08;09,"1172 Tuesday June 17, 2025 SCORPIO 12 33 43 58 Dhanayogaya 8 9 9 1 6 Daiwa Ankaya 32",nlb,https://www.nlb.lk/results/handahana
2025-06-16,1171,handahana,Handahana,,12;34;46;52;02;04,"1171 Monday June 16, 2025 ARIES 12 34 46 52 Dhanayogaya 2 4 3 4 3 Daiwa Ankaya 33",nlb,https://www.nlb.lk/results/handahana
2025-06-15,1170,handahana,Handahana,,26;29;41;45;00;00,"1170 Sunday June 15, 2025 SAGITTARIUS 26 29 41 45 Dhanayogaya 0 0 4 5 9 Daiwa Ankaya 3",nlb,https://www.nlb.lk/results/handahana
2025-06-14,1169,handahana,Handahana,,34;41;51;55;03;07,"1169 Saturday June 14, 2025 SCORPIO 34 41 51 55 Dhanayogaya 3 7 4 7 5 Daiwa Ankaya 29",nlb,https://www.nlb.lk/results/handahana
2025-06-13,1168,handahana,Handahana,,01;29;48;58;02;03,"1168 Friday June 13, 2025 PISCES 01 29 48 58 Dhanayogaya 2 3 4 4 6 Daiwa Ankaya 25",nlb,https://www.nlb.lk/results/handahana
2025-06-12,1167,handahana,Handahana,,17;29;54;62;00;09,"1167 Thursday June 12, 2025 SAGITTARIUS 17 29 54 62 Dhanayogaya 0 9 8 5 2 Daiwa Ankaya 26",nlb,https://www.nlb.lk/results/handahana
